User_Agent: Mozilla/5.0 (compatible; Konqueror/3.5; Linux) KHTML/3.5.8 (like Gecko), Pragma: no-cache, Cache_control: no-cache, 0.9,text/plain;q=0.8,image/png,*/*;q=0.5, Accept_Encoding: x-gzip, x-deflate, gzip, deflate, 0.5, *;q=0.5, Accept_Language: en, 
3&nombre=Vino+Rioja&precio=100&cantidad=55&B1=A%F1adir+al+carrito HTTP/1.1, User_Agent: Mozilla/5.0 (compatible; Konqueror/3.5; Linux) KHTML/3.5.8 (like Gecko), Pragma: no-cache, Cache_control: no-cache, 0.9,text/plain;q=0.8,image/png,*/*;q=0.5, Accept_Encoding: x-gzip, x-deflate, gzip, deflate, 0.5, *;q=0.5, 
, POST_http://localhost:8080/tienda1/publico/anadir.jsp HTTP/1.1, User_Agent: Mozilla/5.0 (compatible; Konqueror/3.5; Linux) KHTML/3.5.8 (like Gecko), Pragma: no-cache, Cache_control: no-cache, 0.9,text/plain;q=0.8,image/png,*/*;q=0.5, Accept_Encoding: x-gzip, x-deflate, gzip, deflate, 
Connection: close, Content_Length: 68, , 3&nombre=Vino+Rioja&precio=100&cantidad=55&B1=A%F1adir+al+carrito, , entrar&login=choong&pwd=d1se3ci%F3n&remember=off&B1=Entrar HTTP/1.1, User_Agent: Mozilla/5.0 (compatible; Konqueror/3.5; Linux) KHTML/3.5.8 (like Gecko), 
Accept_Language: en, Host: localhost:8080, 8FA18BA82C5336D03D3A8AFA3E68CBB0, Connection: close, , , POST_http://localhost:8080/tienda1/publico/autenticar.jsp HTTP/1.1, 
0.5, *;q=0.5, Accept_Language: en, Host: localhost:8080, 7104E6C68A6BCF1423DAE990CE49FEE2, Content_Type: application/x-www-form-urlencoded, Connection: close, Content_Length: 63, 
Cache_control: no-cache, 0.9,text/plain;q=0.8,image/png,*/*;q=0.5, Accept_Encoding: x-gzip, x-deflate, gzip, deflate, 0.5, *;q=0.5, Accept_Language: en, Host: localhost:8080, 23391DBBADEC19FE01E02D201F278C6A, 
User_Agent: Mozilla/5.0 (compatible; Konqueror/3.5; Linux) KHTML/3.5.8 (like Gecko), Pragma: no-cache, Cache_control: no-cache, 0.9,text/plain;q=0.8,image/png,*/*;q=0.5, Accept_Encoding: x-gzip, x-deflate, gzip, deflate, 0.5, *;q=0.5, Accept_Language: en, 
POST_http://localhost:8080/tienda1/publico/autenticar.jsp HTTP/1.1, User_Agent: Mozilla/5.0 (compatible; Konqueror/3.5; Linux) KHTML/3.5.8 (like Gecko), Pragma: no-cache, Cache_control: no-cache, 0.9,text/plain;q=0.8,image/png,*/*;q=0.5, Accept_Encoding: x-gzip, x-deflate, gzip, deflate, 0.5, *;q=0.5, 
Content_Length: 69, , entrar&login=grimshaw&pwd=G%2F%2FlAc%2CIAr&remember=on&B1=Entrar, , entrar&login=grimshaw&pwd=84m3ri156&rememberA=on&B1=Entrar HTTP/1.1, User_Agent: Mozilla/5.0 (compatible; Konqueror/3.5; Linux) KHTML/3.5.8 (like Gecko), Pragma: no-cache, 
Host: localhost:8080, 09BF818C8B6E9EFE9DF5F28745D5948B, Connection: close, , , POST_http://localhost:8080/tienda1/publico/autenticar.jsp HTTP/1.1, User_Agent: Mozilla/5.0 (compatible; Konqueror/3.5; Linux) KHTML/3.5.8 (like Gecko), 
Accept_Language: en, Host: localhost:8080, E4F1E05A42827332CE038A76541D16CF, Content_Type: application/x-www-form-urlencoded, Connection: close, Content_Length: 63, , 
Cache_control: no-cache, 0.9,text/plain;q=0.8,image/png,*/*;q=0.5, Accept_Encoding: x-gzip, x-deflate, gzip, deflate, 0.5, *;q=0.5, Accept_Language: en, Host: localhost:8080, 7FD36920003C837664CF0EF535DC10B9, 
Pragma: no-cache, Cache_control: no-cache, 0.9,text/plain;q=0.8,image/png,*/*;q=0.5, Accept_Encoding: x-gzip, x-deflate, gzip, deflate, 0.5, *;q=0.5, Accept_Language: en, Host: localhost:8080, 
2, , %2B HTTP/1.1, User_Agent: Mozilla/5.0 (compatible; Konqueror/3.5; Linux) KHTML/3.5.8 (like Gecko), Pragma: no-cache, Cache_control: no-cache, 0.9,text/plain;q=0.8,image/png,*/*;q=0.5, 
Connection: close, , , POST_http://localhost:8080/tienda1/publico/entrar.jsp HTTP/1.1, User_Agent: Mozilla/5.0 (compatible; Konqueror/3.5; Linux) KHTML/3.5.8 (like Gecko), Pragma: no-cache, Cache_control: no-cache, 
5F82CD98D63B44A778634551FD06F2CE, Content_Type: application/x-www-form-urlencoded, Connection: close, Content_Length: 12, , , , 
